username,name,url_main,url_user,exists,http_status
品高电器,Slack,https://slack.com,,Illegal,
品高电器,Wix,https://wix.com/,https://%E5%93%81%E9%AB%98%E7%94%B5%E5%99%A8.wix.com,Unknown,0
品高电器,Baidu,https://tieba.baidu.com,https://tieba.baidu.com/home/main?un=%E5%93%81%E9%AB%98%E7%94%B5%E5%99%A8,Unknown,403
品高电器,Facebook,https://www.facebook.com/,,Illegal,
品高电器,Imgur,https://imgur.com,https://imgur.com/user/%E5%93%81%E9%AB%98%E7%94%B5%E5%99%A8,Unknown,0
品高电器,Weibo,https://weibo.com,https://weibo.com/%E5%93%81%E9%AB%98%E7%94%B5%E5%99%A8,Unknown,403
品高电器,OK,https://ok.ru/,,Illegal,
品高电器,Douban,https://www.douban.com,https://www.douban.com/people/%E5%93%81%E9%AB%98%E7%94%B5%E5%99%A8/,Available,404
品高电器,CNET,https://www.cnet.com,https://www.cnet.com/profiles/%E5%93%81%E9%AB%98%E7%94%B5%E5%99%A8/,Unknown,403
品高电器,Patreon,https://www.patreon.com/,https://www.patreon.com/%E5%93%81%E9%AB%98%E7%94%B5%E5%99%A8,Unknown,0
品高电器,Ebay,https://www.ebay.com/,https://www.ebay.com/usr/%E5%93%81%E9%AB%98%E7%94%B5%E5%99%A8,Available,200
品高电器,Udemy,https://www.udemy.com,https://www.udemy.com/user/%E5%93%81%E9%AB%98%E7%94%B5%E5%99%A8/,Unknown,403
品高电器,AppleDeveloper,https://developer.apple.com/forums,https://developer.apple.com/forums/profile/%E5%93%81%E9%AB%98%E7%94%B5%E5%99%A8,Available,404
品高电器,Figma,https://www.figma.com/,https://www.figma.com/@%E5%93%81%E9%AB%98%E7%94%B5%E5%99%A8,Unknown,403
品高电器,BleachFandom,https://bleach.fandom.com/ru,https://bleach.fandom.com/ru/wiki/%D0%A3%D1%87%D0%B0%D1%81%D1%82%D0%BD%D0%B8%D0%BA:%E5%93%81%E9%AB%98%E7%94%B5%E5%99%A8,Available,404
品高电器,Academia.edu,https://www.academia.edu/,https://independent.academia.edu/%E5%93%81%E9%AB%98%E7%94%B5%E5%99%A8,Available,404
品高电器,YouTube User,https://www.youtube.com/,https://www.youtube.com/@%E5%93%81%E9%AB%98%E7%94%B5%E5%99%A8,Available,404
品高电器,BongaCams,https://sbongacams.com,https://bongacams.com/profile/%E5%93%81%E9%AB%98%E7%94%B5%E5%99%A8,Unknown,403
品高电器,YouTube,https://www.youtube.com/,https://www.youtube.com/@%E5%93%81%E9%AB%98%E7%94%B5%E5%99%A8,Available,404
品高电器,StackOverflow,https://stackoverflow.com,https://stackoverflow.com/users/filter?search=%E5%93%81%E9%AB%98%E7%94%B5%E5%99%A8,Available,200
品高电器,Armchairgm,https://armchairgm.fandom.com/,https://armchairgm.fandom.com/wiki/User:%E5%93%81%E9%AB%98%E7%94%B5%E5%99%A8,Available,404
品高电器,discourse.mozilla.org,https://discourse.mozilla.org,https://discourse.mozilla.org/u/%E5%93%81%E9%AB%98%E7%94%B5%E5%99%A8/summary,Available,404
品高电器,TradingView,https://www.tradingview.com/,https://www.tradingview.com/u/%E5%93%81%E9%AB%98%E7%94%B5%E5%99%A8,Unknown,0
品高电器,Freepik,https://www.freepik.com,https://www.freepik.com/%E5%93%81%E9%AB%98%E7%94%B5%E5%99%A8,Unknown,403
品高电器,Unsplash,https://unsplash.com/,https://unsplash.com/@%E5%93%81%E9%AB%98%E7%94%B5%E5%99%A8,Unknown,403
品高电器,Fandom,https://www.fandom.com/,https://www.fandom.com/u/%E5%93%81%E9%AB%98%E7%94%B5%E5%99%A8,Available,404
品高电器,Chess,https://www.chess.com,https://www.chess.com/member/%E5%93%81%E9%AB%98%E7%94%B5%E5%99%A8,Available,404
品高电器,upwork.com,https://upwork.com,https://upwork.com/fl/%E5%93%81%E9%AB%98%E7%94%B5%E5%99%A8,Unknown,403
品高电器,Steam (Group),https://steamcommunity.com/,https://steamcommunity.com/groups/%E5%93%81%E9%AB%98%E7%94%B5%E5%99%A8,Available,200
品高电器,Quora,https://www.quora.com/,https://www.quora.com/profile/%E5%93%81%E9%AB%98%E7%94%B5%E5%99%A8,Available,405
品高电器,Steam,https://steamcommunity.com/,https://steamcommunity.com/id/%E5%93%81%E9%AB%98%E7%94%B5%E5%99%A8,Available,200
品高电器,WordPressOrg,https://wordpress.org/,https://profiles.wordpress.org/%E5%93%81%E9%AB%98%E7%94%B5%E5%99%A8/,Available,404
品高电器,FandomCommunityCentral,https://community.fandom.com,https://community.fandom.com/wiki/User:%E5%93%81%E9%AB%98%E7%94%B5%E5%99%A8,Available,404
品高电器,Weebly,http://weebly.com,,Illegal,
品高电器,LiveJournal,https://www.livejournal.com/,,Illegal,
品高电器,OP.GG [LeagueOfLegends] Oceania,https://www.op.gg/,https://www.op.gg/summoners/search?q=%E5%93%81%E9%AB%98%E7%94%B5%E5%99%A8&region=oce,Claimed,200
品高电器,community.adobe.com,https://community.adobe.com,https://community.adobe.com/t5/forums/searchpage/tab/user?q=%E5%93%81%E9%AB%98%E7%94%B5%E5%99%A8,Available,200
品高电器,Telegram,https://t.me/,,Illegal,
品高电器,SourceForge,https://sourceforge.net/,https://sourceforge.net/u/%E5%93%81%E9%AB%98%E7%94%B5%E5%99%A8/profile,Unknown,403
品高电器,AppleDiscussions,https://discussions.apple.com/,https://discussions.apple.com/profile/%E5%93%81%E9%AB%98%E7%94%B5%E5%99%A8,Available,404
品高电器,Twitter,https://www.twitter.com/,,Illegal,
品高电器,mercadolivre,https://www.mercadolivre.com.br,https://www.mercadolivre.com.br/perfil/%E5%93%81%E9%AB%98%E7%94%B5%E5%99%A8,Available,404
品高电器,OP.GG [LeagueOfLegends] Russia,https://www.op.gg/,https://www.op.gg/summoners/search?q=%E5%93%81%E9%AB%98%E7%94%B5%E5%99%A8&region=ru,Claimed,200
品高电器,Fiverr,https://www.fiverr.com/,https://www.fiverr.com/%E5%93%81%E9%AB%98%E7%94%B5%E5%99%A8,Unknown,403
品高电器,OP.GG [LeagueOfLegends] Turkey,https://www.op.gg/,https://www.op.gg/summoners/search?q=%E5%93%81%E9%AB%98%E7%94%B5%E5%99%A8&region=tr,Claimed,200
品高电器,Mozilla Support,https://support.mozilla.org,https://support.mozilla.org/en-US/user/%E5%93%81%E9%AB%98%E7%94%B5%E5%99%A8/,Available,404
品高电器,Kickstarter,https://www.kickstarter.com,https://www.kickstarter.com/profile/%E5%93%81%E9%AB%98%E7%94%B5%E5%99%A8,Unknown,403
品高电器,Freelancer.com,https://www.freelancer.com/,https://www.freelancer.com/api/users/0.1/users?usernames%5B%5D=%E5%93%81%E9%AB%98%E7%94%B5%E5%99%A8&compact=true,Available,200
品高电器,OP.GG [LeagueOfLegends] LAN,https://www.op.gg/,https://www.op.gg/summoners/search?q=%E5%93%81%E9%AB%98%E7%94%B5%E5%99%A8&region=lan,Claimed,200
品高电器,ThemeForest,https://themeforest.net,https://themeforest.net/user/%E5%93%81%E9%AB%98%E7%94%B5%E5%99%A8,Unknown,403
品高电器,Ameblo,https://ameblo.jp,https://ameblo.jp/%E5%93%81%E9%AB%98%E7%94%B5%E5%99%A8,Available,404
品高电器,Amazon,https://amazon.com,https://amazon.com/author/%E5%93%81%E9%AB%98%E7%94%B5%E5%99%A8,Available,404
品高电器,giphy.com,https://giphy.com,https://giphy.com/channel/%E5%93%81%E9%AB%98%E7%94%B5%E5%99%A8,Available,404
品高电器,OP.GG [LeagueOfLegends] North America,https://www.op.gg/,https://www.op.gg/summoners/search?q=%E5%93%81%E9%AB%98%E7%94%B5%E5%99%A8&region=na,Claimed,200
品高电器,OP.GG [LeagueOfLegends] Korea,https://www.op.gg/,https://www.op.gg/summoners/search?q=%E5%93%81%E9%AB%98%E7%94%B5%E5%99%A8&region=kr,Claimed,200
品高电器,OP.GG [LeagueOfLegends] Japan,https://www.op.gg/,https://www.op.gg/summoners/search?q=%E5%93%81%E9%AB%98%E7%94%B5%E5%99%A8&region=jp,Claimed,200
品高电器,MyAnimeList,https://myanimelist.net/,https://myanimelist.net/profile/%E5%93%81%E9%AB%98%E7%94%B5%E5%99%A8,Available,404
品高电器,OP.GG [LeagueOfLegends] Middle East,https://www.op.gg/,https://www.op.gg/summoners/search?q=%E5%93%81%E9%AB%98%E7%94%B5%E5%99%A8&region=me,Claimed,200
品高电器,Envato,https://forums.envato.com,https://forums.envato.com/u/%E5%93%81%E9%AB%98%E7%94%B5%E5%99%A8/summary,Available,404
品高电器,VK,https://vk.com/,https://vk.com/%E5%93%81%E9%AB%98%E7%94%B5%E5%99%A8,Available,404
品高电器,Rottentomatoes,https://www.rottentomatoes.com,https://www.rottentomatoes.com/critic/%E5%93%81%E9%AB%98%E7%94%B5%E5%99%A8/movies,Available,404
品高电器,TheVerge,https://www.theverge.com,https://www.theverge.com/users/%E5%93%81%E9%AB%98%E7%94%B5%E5%99%A8,Available,400
品高电器,Reddit,https://www.reddit.com/,https://www.reddit.com/user/%E5%93%81%E9%AB%98%E7%94%B5%E5%99%A8,Unknown,403
品高电器,AfreecaTV,http://bjapi.afreecatv.com,http://bjapi.afreecatv.com/api/%E5%93%81%E9%AB%98%E7%94%B5%E5%99%A8/station,Unknown,0
品高电器,forum.wordreference.com,https://forum.wordreference.com,https://forum.wordreference.com/members/?username=%E5%93%81%E9%AB%98%E7%94%B5%E5%99%A8,Available,200
品高电器,OP.GG [LeagueOfLegends] LAS,https://www.op.gg/,https://www.op.gg/summoners/search?q=%E5%93%81%E9%AB%98%E7%94%B5%E5%99%A8&region=las,Claimed,200
品高电器,CloudflareCommunity,https://community.cloudflare.com/,https://community.cloudflare.com/u/%E5%93%81%E9%AB%98%E7%94%B5%E5%99%A8/summary,Unknown,403
品高电器,Revelation,https://rev.mail.ru,https://rev.mail.ru/forums/member.php?username=%E5%93%81%E9%AB%98%E7%94%B5%E5%99%A8,Unknown,0
品高电器,Twitch,https://www.twitch.tv/,https://twitchtracker.com/%E5%93%81%E9%AB%98%E7%94%B5%E5%99%A8,Available,404
品高电器,AllRecipes,https://www.allrecipes.com/,https://www.allrecipes.com/cook/%E5%93%81%E9%AB%98%E7%94%B5%E5%99%A8,Unknown,403
品高电器,OP.GG [LeagueOfLegends] Brazil,https://www.op.gg/,https://www.op.gg/summoners/search?q=%E5%93%81%E9%AB%98%E7%94%B5%E5%99%A8&region=br,Claimed,200
品高电器,Dreamstime,https://www.dreamstime.com,https://www.dreamstime.com/%E5%93%81%E9%AB%98%E7%94%B5%E5%99%A8_info,Unknown,403
品高电器,Discogs,https://www.discogs.com/,https://www.discogs.com/user/%E5%93%81%E9%AB%98%E7%94%B5%E5%99%A8,Unknown,403
品高电器,Nairaland Forum,https://www.nairaland.com/,https://www.nairaland.com/%E5%93%81%E9%AB%98%E7%94%B5%E5%99%A8,Unknown,403
品高电器,Roblox,https://www.roblox.com/,https://www.roblox.com/user.aspx?username=%E5%93%81%E9%AB%98%E7%94%B5%E5%99%A8,Claimed,200
品高电器,OP.GG [LeagueOfLegends] Singapore,https://www.op.gg/,https://www.op.gg/summoners/search?q=%E5%93%81%E9%AB%98%E7%94%B5%E5%99%A8&region=sg,Claimed,200
品高电器,DiscussPython,https://discuss.python.org/,https://discuss.python.org/u/%E5%93%81%E9%AB%98%E7%94%B5%E5%99%A8/summary,Available,404
品高电器,Ultimate-Guitar,https://ultimate-guitar.com/,https://ultimate-guitar.com/u/%E5%93%81%E9%AB%98%E7%94%B5%E5%99%A8,Unknown,403
品高电器,Zomato,https://www.zomato.com/,https://www.zomato.com/pl/%E5%93%81%E9%AB%98%E7%94%B5%E5%99%A8/foodjourney,Available,404
品高电器,YandexMusic,https://music.yandex.ru/,https://music.yandex.ru/users/%E5%93%81%E9%AB%98%E7%94%B5%E5%99%A8/playlists,Available,404
品高电器,Duolingo,https://duolingo.com/,https://www.duolingo.com/profile/%E5%93%81%E9%AB%98%E7%94%B5%E5%99%A8,Available,200
品高电器,TripAdvisor,https://tripadvisor.com/,https://tripadvisor.com/members/%E5%93%81%E9%AB%98%E7%94%B5%E5%99%A8,Available,404
品高电器,BuzzFeed,https://buzzfeed.com/,https://buzzfeed.com/%E5%93%81%E9%AB%98%E7%94%B5%E5%99%A8,Available,404
品高电器,GitHubGist,https://gist.github.com,https://gist.github.com/%E5%93%81%E9%AB%98%E7%94%B5%E5%99%A8,Unknown,0
品高电器,adblockplus.org,https://adblockplus.org,https://adblockplus.org/forum/search.php?keywords=&terms=all&author=%E5%93%81%E9%AB%98%E7%94%B5%E5%99%A8,Unknown,403
品高电器,Habr,https://habr.com/,https://habr.com/ru/users/%E5%93%81%E9%AB%98%E7%94%B5%E5%99%A8/,Available,404
品高电器,Toster,https://qna.habr.com/,https://qna.habr.com/user/%E5%93%81%E9%AB%98%E7%94%B5%E5%99%A8,Available,404
品高电器,Itch.io,https://itch.io/,https://%E5%93%81%E9%AB%98%E7%94%B5%E5%99%A8.itch.io/,Unknown,0
品高电器,PeopleIgn,https://people.ign.com/,https://people.ign.com/%E5%93%81%E9%AB%98%E7%94%B5%E5%99%A8,Unknown,500
品高电器,123rf,https://ru.123rf.com,https://ru.123rf.com/profile_%E5%93%81%E9%AB%98%E7%94%B5%E5%99%A8,Available,302
品高电器,www.gamesradar.com,https://www.gamesradar.com,https://www.gamesradar.com/uk/author/%E5%93%81%E9%AB%98%E7%94%B5%E5%99%A8/,Available,404
品高电器,SoftwareInformer,https://users.software.informer.com,https://users.software.informer.com/%E5%93%81%E9%AB%98%E7%94%B5%E5%99%A8/,Available,301
品高电器,Tinder,https://tinder.com/,https://www.tinder.com/@%E5%93%81%E9%AB%98%E7%94%B5%E5%99%A8,Available,200
品高电器,Myspace,https://myspace.com/,https://myspace.com/%E5%93%81%E9%AB%98%E7%94%B5%E5%99%A8,Available,404
品高电器,OP.GG [LeagueOfLegends] Phillippines,https://www.op.gg/,https://www.op.gg/summoners/search?q=%E5%93%81%E9%AB%98%E7%94%B5%E5%99%A8&region=ph,Claimed,200
品高电器,OP.GG [LeagueOfLegends] Thailand,https://www.op.gg/,https://www.op.gg/summoners/search?q=%E5%93%81%E9%AB%98%E7%94%B5%E5%99%A8&region=th,Claimed,200
品高电器,Rajce.net,https://www.rajce.idnes.cz/,https://%E5%93%81%E9%AB%98%E7%94%B5%E5%99%A8.rajce.idnes.cz/,Unknown,0
品高电器,sports.ru,https://www.sports.ru/,https://www.sports.ru/profile/%E5%93%81%E9%AB%98%E7%94%B5%E5%99%A8/,Available,404
品高电器,Wowhead,https://www.wowhead.com,https://www.wowhead.com/user=%E5%93%81%E9%AB%98%E7%94%B5%E5%99%A8,Unknown,403
品高电器,Pikabu,https://pikabu.ru/,https://pikabu.ru/@%E5%93%81%E9%AB%98%E7%94%B5%E5%99%A8,Unknown,403
品高电器,community.simplilearn.com,https://community.simplilearn.com,https://community.simplilearn.com/members/?username=%E5%93%81%E9%AB%98%E7%94%B5%E5%99%A8,Available,404
品高电器,ComicvineGamespot,https://comicvine.gamespot.com/,https://comicvine.gamespot.com/profile/%E5%93%81%E9%AB%98%E7%94%B5%E5%99%A8,Available,404
品高电器,forums.opera.com,https://forums.opera.com/,https://forums.opera.com/user/%E5%93%81%E9%AB%98%E7%94%B5%E5%99%A8,Available,404
品高电器,MyFitnessPal,https://www.myfitnesspal.com/,https://www.myfitnesspal.com/profile/%E5%93%81%E9%AB%98%E7%94%B5%E5%99%A8,Unknown,403
品高电器,Kaggle,https://www.kaggle.com/,https://www.kaggle.com/%E5%93%81%E9%AB%98%E7%94%B5%E5%99%A8,Available,404
品高电器,Freecodecamp,https://www.freecodecamp.org/forum/,https://www.freecodecamp.org/forum/u/%E5%93%81%E9%AB%98%E7%94%B5%E5%99%A8/summary,Available,404
品高电器,{username}.tilda.ws,https://tilda.ws,https://%E5%93%81%E9%AB%98%E7%94%B5%E5%99%A8.tilda.ws,Unknown,0
品高电器,247sports,https://247sports.com,https://247sports.com/user/%E5%93%81%E9%AB%98%E7%94%B5%E5%99%A8/,Unknown,403
品高电器,Aparat,https://www.aparat.com,https://www.aparat.com/%E5%93%81%E9%AB%98%E7%94%B5%E5%99%A8,Available,404
品高电器,OP.GG [LeagueOfLegends] Europe Nordic & East,https://www.op.gg/,https://www.op.gg/summoners/search?q=%E5%93%81%E9%AB%98%E7%94%B5%E5%99%A8&region=eune,Claimed,200
品高电器,Dribbble,https://dribbble.com/,,Illegal,
品高电器,Championat,https://www.championat.com/,https://www.championat.com/user/%E5%93%81%E9%AB%98%E7%94%B5%E5%99%A8,Available,404
品高电器,LiveInternet,https://www.liveinternet.ru,https://www.liveinternet.ru/users/%E5%93%81%E9%AB%98%E7%94%B5%E5%99%A8/profile,Unknown,0
品高电器,community.icons8.com,https://community.icons8.com,https://community.icons8.com/u/%E5%93%81%E9%AB%98%E7%94%B5%E5%99%A8/summary,Available,404
品高电器,drive2,https://www.drive2.ru/,https://www.drive2.ru/users/%E5%93%81%E9%AB%98%E7%94%B5%E5%99%A8,Available,404
品高电器,Otzovik,https://otzovik.com/,https://otzovik.com/profile/%E5%93%81%E9%AB%98%E7%94%B5%E5%99%A8,Unknown,507
品高电器,forums.sketchup.com,https://forums.sketchup.com,https://forums.sketchup.com/u/%E5%93%81%E9%AB%98%E7%94%B5%E5%99%A8/summary,Available,404
品高电器,PCGamer,https://pcgamer.com,https://forums.pcgamer.com/members/?username=%E5%93%81%E9%AB%98%E7%94%B5%E5%99%A8,Available,200
品高电器,Lichess,https://lichess.org,https://lichess.org/@/%E5%93%81%E9%AB%98%E7%94%B5%E5%99%A8,Available,404
品高电器,forum.sketchfab.com,https://forum.sketchfab.com,https://forum.sketchfab.com/u/%E5%93%81%E9%AB%98%E7%94%B5%E5%99%A8/summary,Available,200
品高电器,Gamespot,https://www.gamespot.com/,https://www.gamespot.com/profile/%E5%93%81%E9%AB%98%E7%94%B5%E5%99%A8/,Available,404
品高电器,Warface,https://wf.mail.ru,https://wf.mail.ru/forums/member.php?username=%E5%93%81%E9%AB%98%E7%94%B5%E5%99%A8,Unknown,0
品高电器,Ccm,https://ccm.net,https://ccm.net/profile/user/%E5%93%81%E9%AB%98%E7%94%B5%E5%99%A8,Available,404
品高电器,iRecommend.RU,https://irecommend.ru/,https://irecommend.ru/users/%E5%93%81%E9%AB%98%E7%94%B5%E5%99%A8,Available,404
品高电器,Zoomir.ir,https://www.zoomit.ir,https://www.zoomit.ir/user/%E5%93%81%E9%AB%98%E7%94%B5%E5%99%A8,Available,410
品高电器,forums.drom.ru,https://www.forumsdrom.ru/,https://www.forumsdrom.ru/member.php?username=%E5%93%81%E9%AB%98%E7%94%B5%E5%99%A8,Unknown,503
品高电器,Bit.ly,https://bit.ly,https://bit.ly/%E5%93%81%E9%AB%98%E7%94%B5%E5%99%A8,Available,404
品高电器,Wykop,https://www.wykop.pl,https://www.wykop.pl/ludzie/%E5%93%81%E9%AB%98%E7%94%B5%E5%99%A8/,Available,404
品高电器,WordPress,https://wordpress.com,,Illegal,
品高电器,YandexZenChannel,https://dzen.ru,https://dzen.ru/channel/%E5%93%81%E9%AB%98%E7%94%B5%E5%99%A8,Unknown,0
品高电器,Infourok,https://infourok.ru,https://infourok.ru/user/%E5%93%81%E9%AB%98%E7%94%B5%E5%99%A8,Available,404
品高电器,forums.docker.com,https://forums.docker.com,https://forums.docker.com/u/%E5%93%81%E9%AB%98%E7%94%B5%E5%99%A8/summary,Unknown,0
品高电器,Redtube,https://ru.redtube.com/,https://ru.redtube.com/users/%E5%93%81%E9%AB%98%E7%94%B5%E5%99%A8,Unknown,0
品高电器,PerfectWorld,https://pw.mail.ru,https://pw.mail.ru/member.php?username=%E5%93%81%E9%AB%98%E7%94%B5%E5%99%A8,Available,404
品高电器,Livemaster,https://www.livemaster.ru,https://www.livemaster.ru/%E5%93%81%E9%AB%98%E7%94%B5%E5%99%A8,Claimed,200
品高电器,www.tagged.com,http://www.tagged.com,http://www.tagged.com/%E5%93%81%E9%AB%98%E7%94%B5%E5%99%A8,Available,200
品高电器,Naver,https://naver.com,https://blog.naver.com/%E5%93%81%E9%AB%98%E7%94%B5%E5%99%A8,Unknown,0
品高电器,ChaturBate,https://chaturbate.com,https://chaturbate.com/%E5%93%81%E9%AB%98%E7%94%B5%E5%99%A8,Unknown,0
品高电器,ResearchGate,https://www.researchgate.net/,,Illegal,
品高电器,Pornhub,https://pornhub.com/,https://pornhub.com/users/%E5%93%81%E9%AB%98%E7%94%B5%E5%99%A8,Unknown,0
品高电器,Tumblr,https://www.tumblr.com,https://www.tumblr.com/%E5%93%81%E9%AB%98%E7%94%B5%E5%99%A8,Unknown,0
品高电器,GitHub,https://www.github.com/,,Illegal,
品高电器,Trello,https://trello.com/,https://trello.com/%E5%93%81%E9%AB%98%E7%94%B5%E5%99%A8,Unknown,0
品高电器,GooglePlayStore,https://play.google.com/store,https://play.google.com/store/apps/developer?id=%E5%93%81%E9%AB%98%E7%94%B5%E5%99%A8,Unknown,0
品高电器,TikTok,https://www.tiktok.com/,https://www.tiktok.com/@%E5%93%81%E9%AB%98%E7%94%B5%E5%99%A8,Unknown,0
品高电器,SoundCloud,https://soundcloud.com/,https://soundcloud.com/%E5%93%81%E9%AB%98%E7%94%B5%E5%99%A8,Unknown,0
品高电器,My.Mail.ru@gmail.com,https://my.mail.ru/,https://my.mail.ru/gmail.com/%E5%93%81%E9%AB%98%E7%94%B5%E5%99%A8/,Unknown,0
品高电器,Shutterstock,https://www.shutterstock.com,https://www.shutterstock.com/g/%E5%93%81%E9%AB%98%E7%94%B5%E5%99%A8/about,Unknown,0
品高电器,Xvideos,https://xvideos.com/,https://xvideos.com/profiles/%E5%93%81%E9%AB%98%E7%94%B5%E5%99%A8,Unknown,0
品高电器,My.Mail.ru@bk.ru,https://my.mail.ru/,https://my.mail.ru/bk/%E5%93%81%E9%AB%98%E7%94%B5%E5%99%A8/,Unknown,0
品高电器,Pinterest,https://www.pinterest.com/,https://www.pinterest.com/%E5%93%81%E9%AB%98%E7%94%B5%E5%99%A8/,Unknown,0
品高电器,My.Mail.ru@list.ru,https://my.mail.ru/,https://my.mail.ru/list/%E5%93%81%E9%AB%98%E7%94%B5%E5%99%A8/,Unknown,0
品高电器,xHamster,https://xhamster.com,https://xhamster.com/users/%E5%93%81%E9%AB%98%E7%94%B5%E5%99%A8,Unknown,0
品高电器,My.Mail.ru@mail.ru,https://my.mail.ru/,https://my.mail.ru/mail/%E5%93%81%E9%AB%98%E7%94%B5%E5%99%A8/,Unknown,0
品高电器,My.Mail.ru@ya.ru,https://my.mail.ru/,https://my.mail.ru/ya.ru/%E5%93%81%E9%AB%98%E7%94%B5%E5%99%A8/,Unknown,0
品高电器,Vimeo,https://vimeo.com,https://vimeo.com/%E5%93%81%E9%AB%98%E7%94%B5%E5%99%A8,Unknown,0
品高电器,My.Mail.ru@yandex.ru,https://my.mail.ru/,https://my.mail.ru/yandex.ru/%E5%93%81%E9%AB%98%E7%94%B5%E5%99%A8/,Unknown,0
品高电器,SlideShare,https://www.slideshare.net,https://www.slideshare.net/%E5%93%81%E9%AB%98%E7%94%B5%E5%99%A8,Unknown,0
品高电器,linktr.ee,https://linktr.ee,https://linktr.ee/%E5%93%81%E9%AB%98%E7%94%B5%E5%99%A8,Unknown,0
品高电器,Etsy,https://www.etsy.com/,https://www.etsy.com/shop/%E5%93%81%E9%AB%98%E7%94%B5%E5%99%A8,Unknown,0
品高电器,opensea.io,https://opensea.io,https://opensea.io/accounts/%E5%93%81%E9%AB%98%E7%94%B5%E5%99%A8,Unknown,0
品高电器,Livejasmin,https://www.livejasmin.com/,https://www.livejasmin.com/en/girls/#!chat/%E5%93%81%E9%AB%98%E7%94%B5%E5%99%A8,Unknown,0
品高电器,iStock,https://www.istockphoto.com,https://www.istockphoto.com/ru/portfolio/%E5%93%81%E9%AB%98%E7%94%B5%E5%99%A8,Unknown,0
品高电器,Behance,https://www.behance.net/,https://www.behance.net/%E5%93%81%E9%AB%98%E7%94%B5%E5%99%A8,Unknown,0
品高电器,Blogger,https://www.blogger.com/,,Illegal,
品高电器,DailyMotion,https://www.dailymotion.com,https://www.dailymotion.com/%E5%93%81%E9%AB%98%E7%94%B5%E5%99%A8,Unknown,0
品高电器,GoodReads,https://www.goodreads.com/,https://www.goodreads.com/%E5%93%81%E9%AB%98%E7%94%B5%E5%99%A8,Unknown,0
品高电器,Scribd,https://www.scribd.com/,https://www.scribd.com/%E5%93%81%E9%AB%98%E7%94%B5%E5%99%A8,Unknown,0
品高电器,Weforum,https://www.weforum.org,https://www.weforum.org/people/%E5%93%81%E9%AB%98%E7%94%B5%E5%99%A8,Unknown,403
品高电器,Guru,https://www.guru.com,https://www.guru.com/freelancers/%E5%93%81%E9%AB%98%E7%94%B5%E5%99%A8,Claimed,200
品高电器,Tanks,https://tanks.mail.ru,https://tanks.mail.ru/forum/member.php?username=%E5%93%81%E9%AB%98%E7%94%B5%E5%99%A8,Unknown,0
品高电器,Thechive,https://thechive.com/,https://thechive.com/author/%E5%93%81%E9%AB%98%E7%94%B5%E5%99%A8,Available,404
品高电器,TechPowerUp,https://www.techpowerup.com,https://www.techpowerup.com/forums/members/?username=%E5%93%81%E9%AB%98%E7%94%B5%E5%99%A8,Claimed,200
品高电器,Genius,https://genius.com/,https://genius.com/%E5%93%81%E9%AB%98%E7%94%B5%E5%99%A8,Unknown,0
品高电器,Wikipedia,https://www.wikipedia.org/,https://www.wikipedia.org/wiki/User:%E5%93%81%E9%AB%98%E7%94%B5%E5%99%A8,Unknown,0
品高电器,Issuu,https://issuu.com/,https://issuu.com/%E5%93%81%E9%AB%98%E7%94%B5%E5%99%A8,Unknown,0
品高电器,9GAG,https://www.9gag.com/,https://www.9gag.com/u/%E5%93%81%E9%AB%98%E7%94%B5%E5%99%A8,Unknown,0
品高电器,1337x,https://1337x.to,https://1337x.to/user/%E5%93%81%E9%AB%98%E7%94%B5%E5%99%A8/,Unknown,0
品高电器,Rutracker,https://rutracker.org/,https://rutracker.org/forum/profile.php?mode=viewprofile&u=%E5%93%81%E9%AB%98%E7%94%B5%E5%99%A8,Unknown,0
品高电器,AllTrails,https://www.alltrails.com/,https://www.alltrails.com/members/%E5%93%81%E9%AB%98%E7%94%B5%E5%99%A8,Unknown,403
品高电器,DeviantART,https://deviantart.com,,Illegal,
品高电器,Scratch,https://scratch.mit.edu/,https://scratch.mit.edu/users/%E5%93%81%E9%AB%98%E7%94%B5%E5%99%A8,Unknown,0
品高电器,BoardGameGeek,https://boardgamegeek.com,https://boardgamegeek.com/user/%E5%93%81%E9%AB%98%E7%94%B5%E5%99%A8,Claimed,200
品高电器,Flickr,https://www.flickr.com/,https://www.flickr.com/photos/%E5%93%81%E9%AB%98%E7%94%B5%E5%99%A8,Unknown,0
品高电器,fotostrana.ru,https://fotostrana.ru,https://fotostrana.ru/%E5%93%81%E9%AB%98%E7%94%B5%E5%99%A8/,Available,404
品高电器,YouPorn,https://youporn.com,https://youporn.com/uservids/%E5%93%81%E9%AB%98%E7%94%B5%E5%99%A8,Unknown,0
品高电器,Cracked,https://www.cracked.com/,https://www.cracked.com/members/%E5%93%81%E9%AB%98%E7%94%B5%E5%99%A8/,Available,301
品高电器,Sporcle,https://www.sporcle.com/,https://www.sporcle.com/user/%E5%93%81%E9%AB%98%E7%94%B5%E5%99%A8/people,Available,404
品高电器,Newgrounds,https://newgrounds.com,https://%E5%93%81%E9%AB%98%E7%94%B5%E5%99%A8.newgrounds.com,Unknown,0
品高电器,Wattpad,https://www.wattpad.com/,https://www.wattpad.com/user/%E5%93%81%E9%AB%98%E7%94%B5%E5%99%A8,Unknown,0
品高电器,Disqus,https://disqus.com/,https://disqus.com/%E5%93%81%E9%AB%98%E7%94%B5%E5%99%A8,Unknown,0
品高电器,Gamefaqs,https://gamefaqs.gamespot.com,https://gamefaqs.gamespot.com/community/%E5%93%81%E9%AB%98%E7%94%B5%E5%99%A8,Unknown,0
品高电器,FilmWeb,https://www.filmweb.pl/user/adam,https://www.filmweb.pl/user/%E5%93%81%E9%AB%98%E7%94%B5%E5%99%A8,Available,200
品高电器,Gitee,https://gitee.com/,https://gitee.com/%E5%93%81%E9%AB%98%E7%94%B5%E5%99%A8,Available,404
品高电器,note,https://note.com/,https://note.com/%E5%93%81%E9%AB%98%E7%94%B5%E5%99%A8,Unknown,0
品高电器,Flipboard,https://flipboard.com/,,Illegal,
品高电器,Smugmug,https://smugmug.com/,https://%E5%93%81%E9%AB%98%E7%94%B5%E5%99%A8.smugmug.com/,Unknown,0
品高电器,community.brave.com,https://community.brave.com,https://community.brave.com/u/%E5%93%81%E9%AB%98%E7%94%B5%E5%99%A8/summary,Unknown,0
品高电器,Redbubble,https://www.redbubble.com/,https://www.redbubble.com/people/%E5%93%81%E9%AB%98%E7%94%B5%E5%99%A8,Unknown,0
品高电器,Stihi.ru,https://www.stihi.ru/,https://www.stihi.ru/avtor/%E5%93%81%E9%AB%98%E7%94%B5%E5%99%A8,Claimed,200
品高电器,LiveLib,https://www.livelib.ru/,https://www.livelib.ru/reader/%E5%93%81%E9%AB%98%E7%94%B5%E5%99%A8,Available,404
品高电器,Eksisozluk,https://eksisozluk.com,https://eksisozluk.com/biri/%E5%93%81%E9%AB%98%E7%94%B5%E5%99%A8,Unknown,0
品高电器,Cheezburger,https://profile.cheezburger.com,https://profile.cheezburger.com/%E5%93%81%E9%AB%98%E7%94%B5%E5%99%A8,Available,404
品高电器,Ameba,https://profile.ameba.jp,https://profile.ameba.jp/ameba/%E5%93%81%E9%AB%98%E7%94%B5%E5%99%A8/,Unknown,0
品高电器,BOOTH,https://booth.pm/,https://%E5%93%81%E9%AB%98%E7%94%B5%E5%99%A8.booth.pm/,Unknown,0
品高电器,Bandcamp,https://www.bandcamp.com/,https://www.bandcamp.com/%E5%93%81%E9%AB%98%E7%94%B5%E5%99%A8,Unknown,0
品高电器,Gofundme,https://www.gofundme.com,https://www.gofundme.com/f/%E5%93%81%E9%AB%98%E7%94%B5%E5%99%A8,Unknown,0
品高电器,99designs.com,https://99designs.com,https://99designs.com/profiles/%E5%93%81%E9%AB%98%E7%94%B5%E5%99%A8,Available,404
品高电器,Discuss.Elastic.co,https://discuss.elastic.co/,https://discuss.elastic.co/u/%E5%93%81%E9%AB%98%E7%94%B5%E5%99%A8/summary,Available,404
品高电器,opensource,https://opensource.com/,https://opensource.com/users/%E5%93%81%E9%AB%98%E7%94%B5%E5%99%A8,Available,404
品高电器,Kaskus,https://www.kaskus.co.id,https://www.kaskus.co.id/@%E5%93%81%E9%AB%98%E7%94%B5%E5%99%A8,Unknown,0
品高电器,Artstation,https://www.artstation.com,https://www.artstation.com/%E5%93%81%E9%AB%98%E7%94%B5%E5%99%A8,Unknown,0
品高电器,Audiojungle,https://audiojungle.net/,,Illegal,
品高电器,Jigsawplanet,https://www.jigsawplanet.com,https://www.jigsawplanet.com/%E5%93%81%E9%AB%98%E7%94%B5%E5%99%A8,Available,404
品高电器,forums.serebii.net,https://forums.serebii.net,https://forums.serebii.net/members/?username=%E5%93%81%E9%AB%98%E7%94%B5%E5%99%A8,Claimed,403
品高电器,Baby.ru,https://www.baby.ru/,https://www.baby.ru/u/%E5%93%81%E9%AB%98%E7%94%B5%E5%99%A8/,Available,404
品高电器,www.change.org,https://www.change.org,https://www.change.org/o/%E5%93%81%E9%AB%98%E7%94%B5%E5%99%A8,Unknown,0
品高电器,Xing,https://www.xing.com/,https://www.xing.com/profile/%E5%93%81%E9%AB%98%E7%94%B5%E5%99%A8,Available,404
品高电器,Plurk,https://www.plurk.com/,https://www.plurk.com/%E5%93%81%E9%AB%98%E7%94%B5%E5%99%A8,Unknown,0
品高电器,Bibsonomy,https://www.bibsonomy.org,https://www.bibsonomy.org/user/%E5%93%81%E9%AB%98%E7%94%B5%E5%99%A8,Available,404
品高电器,iXBT,https://forum.ixbt.com,https://forum.ixbt.com/users.cgi?id=info:%E5%93%81%E9%AB%98%E7%94%B5%E5%99%A8,Available,404
品高电器,accounts.eclipse.org,https://accounts.eclipse.org,https://accounts.eclipse.org/users/%E5%93%81%E9%AB%98%E7%94%B5%E5%99%A8,Available,404
品高电器,amp.flipboard.com,https://amp.flipboard.com,https://amp.flipboard.com/@%E5%93%81%E9%AB%98%E7%94%B5%E5%99%A8,Unknown,0
品高电器,NPM-Package,https://www.npmjs.com/,https://www.npmjs.com/package/%E5%93%81%E9%AB%98%E7%94%B5%E5%99%A8,Available,404
品高电器,Eporner,,https://www.eporner.com/profile/%E5%93%81%E9%AB%98%E7%94%B5%E5%99%A8/,Unknown,0
品高电器,Picuki,https://www.picuki.com/,https://www.picuki.com/profile/%E5%93%81%E9%AB%98%E7%94%B5%E5%99%A8,Unknown,0
品高电器,NPM,https://www.npmjs.com/,https://www.npmjs.com/~%E5%93%81%E9%AB%98%E7%94%B5%E5%99%A8,Available,404
品高电器,GitLab,https://gitlab.com/,https://gitlab.com/%E5%93%81%E9%AB%98%E7%94%B5%E5%99%A8,Available,200
品高电器,Typeracer,https://typeracer.com,https://data.typeracer.com/pit/profile?user=%E5%93%81%E9%AB%98%E7%94%B5%E5%99%A8,Available,200
品高电器,DEV Community,https://dev.to/,,Illegal,
品高电器,Codementor,https://www.codementor.io/,https://www.codementor.io/%E5%93%81%E9%AB%98%E7%94%B5%E5%99%A8,Available,404
品高电器,doctissimo,https://club.doctissimo.fr,https://club.doctissimo.fr/%E5%93%81%E9%AB%98%E7%94%B5%E5%99%A8/,Available,404
品高电器,last.fm,https://last.fm/,https://last.fm/user/%E5%93%81%E9%AB%98%E7%94%B5%E5%99%A8,Unknown,0
品高电器,forum.audacityteam.org,https://forum.audacityteam.org,https://forum.audacityteam.org/search.php?author=%E5%93%81%E9%AB%98%E7%94%B5%E5%99%A8,Available,404
品高电器,DigitalOcean,https://www.digitalocean.com/,https://www.digitalocean.com/community/users/%E5%93%81%E9%AB%98%E7%94%B5%E5%99%A8,Unknown,0
品高电器,Tinkoff Invest,https://www.tinkoff.ru/invest/,https://tinkoff.ru/invest/social/profile/%E5%93%81%E9%AB%98%E7%94%B5%E5%99%A8/,Available,200
品高电器,forum.pkp.sfu.ca,https://forum.pkp.sfu.ca,https://forum.pkp.sfu.ca/u/%E5%93%81%E9%AB%98%E7%94%B5%E5%99%A8/summary,Unknown,403
品高电器,kwork,https://www.kwork.ru/,https://kwork.ru/user/%E5%93%81%E9%AB%98%E7%94%B5%E5%99%A8,Available,404
品高电器,Coub,https://coub.com/,https://coub.com/%E5%93%81%E9%AB%98%E7%94%B5%E5%99%A8,Available,404
品高电器,Gab,https://gab.com/,https://gab.com/%E5%93%81%E9%AB%98%E7%94%B5%E5%99%A8,Unknown,0
品高电器,999.md,https://999.md,https://999.md/ru/profile/%E5%93%81%E9%AB%98%E7%94%B5%E5%99%A8,Available,404
品高电器,Flightradar24,https://www.flightradar24.com/,,Illegal,
品高电器,Weedmaps,https://weedmaps.com,https://weedmaps.com/brands/%E5%93%81%E9%AB%98%E7%94%B5%E5%99%A8,Unknown,403
品高电器,Yummly,https://www.yummly.com,https://mapi.yummly.com/mapi/v19/user/%E5%93%81%E9%AB%98%E7%94%B5%E5%99%A8,Unknown,0
品高电器,Tom's guide,http://forums.tomsguide.com,http://forums.tomsguide.com/members/?username=%E5%93%81%E9%AB%98%E7%94%B5%E5%99%A8,Available,200
品高电器,blogs.klerk.ru,https://blogs.klerk.ru,https://blogs.klerk.ru/users/%E5%93%81%E9%AB%98%E7%94%B5%E5%99%A8/,Available,404
品高电器,getmyuni,https://getmyuni.com/,https://www.getmyuni.com/user/%E5%93%81%E9%AB%98%E7%94%B5%E5%99%A8,Claimed,404
品高电器,bbs.boingboing.net,https://bbs.boingboing.net,https://bbs.boingboing.net/u/%E5%93%81%E9%AB%98%E7%94%B5%E5%99%A8/summary,Unknown,403
品高电器,SeoClerks,https://www.seoclerks.com,https://www.seoclerks.com/user/%E5%93%81%E9%AB%98%E7%94%B5%E5%99%A8,Available,302
品高电器,OP.GG [LeagueOfLegends] Vietnam,https://www.op.gg/,https://www.op.gg/summoners/search?q=%E5%93%81%E9%AB%98%E7%94%B5%E5%99%A8&region=vn,Unknown,0
品高电器,PerfectWorldForum,https://pw.mail.ru/,https://pw.mail.ru/forums/member.php?username=%E5%93%81%E9%AB%98%E7%94%B5%E5%99%A8,Unknown,0
品高电器,OP.GG [LeagueOfLegends] Taiwan,https://www.op.gg/,https://www.op.gg/summoners/search?q=%E5%93%81%E9%AB%98%E7%94%B5%E5%99%A8&region=tw,Unknown,0
品高电器,OP.GG [LeagueOfLegends] Europe West,https://www.op.gg/,https://www.op.gg/summoners/search?q=%E5%93%81%E9%AB%98%E7%94%B5%E5%99%A8&region=euw,Unknown,0
品高电器,Battleraprus,https://battleraprus.fandom.com/ru,https://battleraprus.fandom.com/ru/wiki/%D0%A3%D1%87%D0%B0%D1%81%D1%82%D0%BD%D0%B8%D0%BA:%E5%93%81%E9%AB%98%E7%94%B5%E5%99%A8,Unknown,0
品高电器,Docker Hub,https://hub.docker.com/,https://hub.docker.com/u/%E5%93%81%E9%AB%98%E7%94%B5%E5%99%A8/,Unknown,0
品高电器,cyber.harvard.edu,https://cyber.harvard.edu,https://cyber.harvard.edu/people/%E5%93%81%E9%AB%98%E7%94%B5%E5%99%A8,Unknown,0
品高电器,calendly.com,https://calendly.com,https://calendly.com/%E5%93%81%E9%AB%98%E7%94%B5%E5%99%A8/15min,Unknown,0
品高电器,Memrise,https://www.memrise.com/,https://www.memrise.com/user/%E5%93%81%E9%AB%98%E7%94%B5%E5%99%A8/,Available,301
品高电器,Aptoide,https://en.aptoide.com/,https://%E5%93%81%E9%AB%98%E7%94%B5%E5%99%A8.en.aptoide.com/,Unknown,0
品高电器,Truelancer,https://www.truelancer.com,https://www.truelancer.com/freelancer/%E5%93%81%E9%AB%98%E7%94%B5%E5%99%A8,Available,200
品高电器,Screwfix,https://community.screwfix.com,https://community.screwfix.com/members/?username=%E5%93%81%E9%AB%98%E7%94%B5%E5%99%A8,Available,200
品高电器,forums.linuxmint.com,https://forums.linuxmint.com,https://forums.linuxmint.com/search.php?author=%E5%93%81%E9%AB%98%E7%94%B5%E5%99%A8,Available,307
品高电器,F6S,https://f6s.com/,https://www.f6s.com/%E5%93%81%E9%AB%98%E7%94%B5%E5%99%A8,Unknown,0
品高电器,Kwejk,https://kwejk.pl,https://kwejk.pl/uzytkownik/%E5%93%81%E9%AB%98%E7%94%B5%E5%99%A8#/tablica/,Available,404
品高电器,Justlanded,https://community.justlanded.com,https://community.justlanded.com/en/profile/%E5%93%81%E9%AB%98%E7%94%B5%E5%99%A8,Available,404
品高电器,Kongregate,https://www.kongregate.com/,,Illegal,
品高电器,HabrCareer,,,Unknown,0
品高电器,Freelance.habr,,,Unknown,0
品高电器,ImageShack,https://imageshack.com/,https://imageshack.com/user/%E5%93%81%E9%AB%98%E7%94%B5%E5%99%A8,Available,302
品高电器,Studfile,https://studfile.net,https://studfile.net/users/%E5%93%81%E9%AB%98%E7%94%B5%E5%99%A8/,Unknown,0
品高电器,Codecanyon,https://codecanyon.net,https://codecanyon.net/user/%E5%93%81%E9%AB%98%E7%94%B5%E5%99%A8,Unknown,0
品高电器,Instructables,https://www.instructables.com/,https://www.instructables.com/member/%E5%93%81%E9%AB%98%E7%94%B5%E5%99%A8,Unknown,0
品高电器,AdultFriendFinder,https://adultfriendfinder.com,https://adultfriendfinder.com/profile/%E5%93%81%E9%AB%98%E7%94%B5%E5%99%A8,Unknown,0
品高电器,Proza.ru,https://www.proza.ru/,https://www.proza.ru/avtor/%E5%93%81%E9%AB%98%E7%94%B5%E5%99%A8,Claimed,200
品高电器,Polygon,,,Unknown,0
品高电器,smart-lab.ru,https://smart-lab.ru/,https://smart-lab.ru/profile/%E5%93%81%E9%AB%98%E7%94%B5%E5%99%A8/,Available,404
品高电器,profile.hatena.ne.jp,https://profile.hatena.ne.jp,https://profile.hatena.ne.jp/%E5%93%81%E9%AB%98%E7%94%B5%E5%99%A8/,Unknown,0
品高电器,Pastebin,https://pastebin.com/,https://pastebin.com/u/%E5%93%81%E9%AB%98%E7%94%B5%E5%99%A8,Unknown,0
品高电器,TomsHardware,https://forums.tomshardware.com/,https://forums.tomshardware.com/members/?username=%E5%93%81%E9%AB%98%E7%94%B5%E5%99%A8,Unknown,0
品高电器,Codepen,https://codepen.io/,https://codepen.io/%E5%93%81%E9%AB%98%E7%94%B5%E5%99%A8,Unknown,0
品高电器,BodyBuilding,https://bodyspace.bodybuilding.com/,https://bodyspace.bodybuilding.com/%E5%93%81%E9%AB%98%E7%94%B5%E5%99%A8,Unknown,0
品高电器,Funnyjunk,https://funnyjunk.com/,https://funnyjunk.com/user/%E5%93%81%E9%AB%98%E7%94%B5%E5%99%A8,Available,307
品高电器,forums.visual-paradigm.com,https://forums.visual-paradigm.com,https://forums.visual-paradigm.com/u/%E5%93%81%E9%AB%98%E7%94%B5%E5%99%A8/summary,Available,404
品高电器,hi5,http://www.hi5.com,http://www.hi5.com/%E5%93%81%E9%AB%98%E7%94%B5%E5%99%A8,Unknown,0
品高电器,Packagist,https://packagist.org/,https://packagist.org/packages/%E5%93%81%E9%AB%98%E7%94%B5%E5%99%A8/,Available,404
品高电器,Diary.ru,https://diary.ru,https://%E5%93%81%E9%AB%98%E7%94%B5%E5%99%A8.diary.ru/,Unknown,0
品高电器,Pathofexile,https://ru.pathofexile.com,https://ru.pathofexile.com/account/view-profile/%E5%93%81%E9%AB%98%E7%94%B5%E5%99%A8,Unknown,0
品高电器,jsfiddle.net,https://jsfiddle.net,https://jsfiddle.net/user/%E5%93%81%E9%AB%98%E7%94%B5%E5%99%A8/,Unknown,0
品高电器,discuss.codecademy.com,https://discuss.codecademy.com,https://discuss.codecademy.com/u/%E5%93%81%E9%AB%98%E7%94%B5%E5%99%A8/summary,Unknown,0
品高电器,Sbnation,https://www.sbnation.com,https://www.sbnation.com/users/%E5%93%81%E9%AB%98%E7%94%B5%E5%99%A8,Unknown,0
品高电器,Contently,https://contently.com/,https://%E5%93%81%E9%AB%98%E7%94%B5%E5%99%A8.contently.com/,Unknown,0
品高电器,B17,https://www.b17.ru/,https://www.b17.ru/%E5%93%81%E9%AB%98%E7%94%B5%E5%99%A8,Available,404
品高电器,Vivino,https://www.vivino.com/,https://www.vivino.com/users/%E5%93%81%E9%AB%98%E7%94%B5%E5%99%A8,Claimed,200
品高电器,jeuxvideo,,,Unknown,0
品高电器,3ddd,https://3ddd.ru,https://3ddd.ru/users/%E5%93%81%E9%AB%98%E7%94%B5%E5%99%A8,Claimed,200
品高电器,djskt.lnk.to,https://djskt.lnk.to,https://djskt.lnk.to/%E5%93%81%E9%AB%98%E7%94%B5%E5%99%A8,Unknown,0
品高电器,Mouthshut,https://www.mouthshut.com/,https://www.mouthshut.com/%E5%93%81%E9%AB%98%E7%94%B5%E5%99%A8,Available,404
品高电器,author.today,https://author.today,https://author.today/u/%E5%93%81%E9%AB%98%E7%94%B5%E5%99%A8,Available,404
品高电器,Codecademy,,,Unknown,0
品高电器,profi.ru,https://profi.ru,https://profi.ru/profile/%E5%93%81%E9%AB%98%E7%94%B5%E5%99%A8/,Unknown,500
品高电器,HubPages,,,Unknown,0
品高电器,ArchiveOfOurOwn,,,Unknown,0
品高电器,Smule,https://www.smule.com/,https://www.smule.com/%E5%93%81%E9%AB%98%E7%94%B5%E5%99%A8,Available,200
品高电器,PyPi,https://pypi.org/,https://pypi.org/user/%E5%93%81%E9%AB%98%E7%94%B5%E5%99%A8,Unknown,200
品高电器,joyreactor.cc,http://joyreactor.cc,http://joyreactor.cc/user/%E5%93%81%E9%AB%98%E7%94%B5%E5%99%A8,Available,301
品高电器,discourse.jupyter.org,https://discourse.jupyter.org,https://discourse.jupyter.org/u/%E5%93%81%E9%AB%98%E7%94%B5%E5%99%A8/summary,Available,404
品高电器,Warrior Forum,https://www.warriorforum.com/,https://www.warriorforum.com/members/%E5%93%81%E9%AB%98%E7%94%B5%E5%99%A8.html,Unknown,0
品高电器,NICommunityForum,https://www.native-instruments.com/forum/,https://www.native-instruments.com/forum/members/?username=%E5%93%81%E9%AB%98%E7%94%B5%E5%99%A8,Available,403
品高电器,Advego,https://advego.com/,https://advego.com/profile/%E5%93%81%E9%AB%98%E7%94%B5%E5%99%A8/author/,Unknown,500
品高电器,MixCloud,https://www.mixcloud.com/,https://www.mixcloud.com/%E5%93%81%E9%AB%98%E7%94%B5%E5%99%A8/,Unknown,0
品高电器,lyricstranslate.com,https://lyricstranslate.com,https://lyricstranslate.com/sco/translator/%E5%93%81%E9%AB%98%E7%94%B5%E5%99%A8,Unknown,0
品高电器,Wikidot,http://www.wikidot.com/,http://www.wikidot.com/user:info/%E5%93%81%E9%AB%98%E7%94%B5%E5%99%A8,Unknown,0
品高电器,steemit,https://steemit.com,https://steemit.com/@%E5%93%81%E9%AB%98%E7%94%B5%E5%99%A8,Unknown,0
品高电器,interpals,https://www.interpals.net/,https://www.interpals.net/%E5%93%81%E9%AB%98%E7%94%B5%E5%99%A8,Available,200
品高电器,Gumroad,https://www.gumroad.com/,https://www.gumroad.com/%E5%93%81%E9%AB%98%E7%94%B5%E5%99%A8,Unknown,0
品高电器,500px,https://500px.com/,https://500px.com/p/%E5%93%81%E9%AB%98%E7%94%B5%E5%99%A8,Unknown,0
品高电器,forum.snapcraft.io,https://forum.snapcraft.io,https://forum.snapcraft.io/u/%E5%93%81%E9%AB%98%E7%94%B5%E5%99%A8/summary,Available,404
品高电器,OpenStreetMap,https://www.openstreetmap.org/,https://www.openstreetmap.org/user/%E5%93%81%E9%AB%98%E7%94%B5%E5%99%A8,Unknown,0
品高电器,Gravatar,http://en.gravatar.com/,http://en.gravatar.com/%E5%93%81%E9%AB%98%E7%94%B5%E5%99%A8,Unknown,0
品高电器,hashnode,https://hashnode.com,https://hashnode.com/@%E5%93%81%E9%AB%98%E7%94%B5%E5%99%A8,Claimed,429
品高电器,VSCO,https://vsco.co/,https://vsco.co/%E5%93%81%E9%AB%98%E7%94%B5%E5%99%A8,Unknown,0
品高电器,ifunny.co,https://www.ifunny.co,https://www.ifunny.co/user/%E5%93%81%E9%AB%98%E7%94%B5%E5%99%A8,Unknown,0
品高电器,Freesound,https://freesound.org/,https://freesound.org/people/%E5%93%81%E9%AB%98%E7%94%B5%E5%99%A8/,Available,404
品高电器,forum.openoffice.org,https://forum.openoffice.org/en/forum,https://forum.openoffice.org/en/forum/search.php?author=%E5%93%81%E9%AB%98%E7%94%B5%E5%99%A8,Available,200
品高电器,BikeRadar,https://forum.bikeradar.com,https://forum.bikeradar.com/profile/%E5%93%81%E9%AB%98%E7%94%B5%E5%99%A8,Claimed,200
品高电器,HackerNews,https://news.ycombinator.com/,https://news.ycombinator.com/user?id=%E5%93%81%E9%AB%98%E7%94%B5%E5%99%A8,Unknown,0
品高电器,4x4.tomsk.ru,http://4x4.tomsk.ru,http://4x4.tomsk.ru/search.php?author=%E5%93%81%E9%AB%98%E7%94%B5%E5%99%A8,Available,200
品高电器,SkyscraperCity,https://www.skyscrapercity.com,https://www.skyscrapercity.com/members/?username=%E5%93%81%E9%AB%98%E7%94%B5%E5%99%A8,Unknown,0
品高电器,Metal-archives,https://www.metal-archives.com,https://www.metal-archives.com/users/%E5%93%81%E9%AB%98%E7%94%B5%E5%99%A8,Unknown,403
品高电器,About.me,https://about.me/,https://about.me/%E5%93%81%E9%AB%98%E7%94%B5%E5%99%A8,Unknown,0
品高电器,forums.steinberg.net,https://forums.steinberg.net,https://forums.steinberg.net/u/%E5%93%81%E9%AB%98%E7%94%B5%E5%99%A8/summary,Available,404
品高电器,7dach,https://7dach.ru/,https://7dach.ru/profile/%E5%93%81%E9%AB%98%E7%94%B5%E5%99%A8,Available,404
品高电器,CreativeMarket,https://creativemarket.com/,https://creativemarket.com/users/%E5%93%81%E9%AB%98%E7%94%B5%E5%99%A8,Unknown,0
品高电器,mama.tomsk.ru,https://mama.tomsk.ru/forums,https://mama.tomsk.ru/forums/search.php?author=%E5%93%81%E9%AB%98%E7%94%B5%E5%99%A8,Available,404
品高电器,Diigo,https://www.diigo.com/,https://www.diigo.com/interact_api/load_profile_info?name=%E5%93%81%E9%AB%98%E7%94%B5%E5%99%A8,Unknown,0
品高电器,FortniteTracker,https://fortnitetracker.com/challenges,https://fortnitetracker.com/profile/all/%E5%93%81%E9%AB%98%E7%94%B5%E5%99%A8,Unknown,403
品高电器,www.itemfix.com,https://www.itemfix.com,https://www.itemfix.com/c/%E5%93%81%E9%AB%98%E7%94%B5%E5%99%A8,Unknown,0
品高电器,WikimapiaSearch,http://wikimapia.org,http://wikimapia.org/user/tools/users_rating/?username=%E5%93%81%E9%AB%98%E7%94%B5%E5%99%A8,Unknown,0
品高电器,Blu-ray,https://forum.blu-ray.com/,https://forum.blu-ray.com/member.php?username=%E5%93%81%E9%AB%98%E7%94%B5%E5%99%A8,Claimed,200
品高电器,BitBucket,https://bitbucket.org/,,Illegal,
品高电器,Vgtimes,https://vgtimes.ru,https://vgtimes.ru/user/%E5%93%81%E9%AB%98%E7%94%B5%E5%99%A8,Available,404
品高电器,videohive.net,https://videohive.net,https://videohive.net/user/%E5%93%81%E9%AB%98%E7%94%B5%E5%99%A8,Unknown,0
品高电器,community.getpostman.com,https://community.getpostman.com,https://community.getpostman.com/u/%E5%93%81%E9%AB%98%E7%94%B5%E5%99%A8/summary,Unknown,0
品高电器,Pluralsight,https://app.pluralsight.com,https://app.pluralsight.com/profile/author/%E5%93%81%E9%AB%98%E7%94%B5%E5%99%A8,Unknown,0
品高电器,TemplateMonster,https://www.templatemonster.com,https://www.templatemonster.com/authors/%E5%93%81%E9%AB%98%E7%94%B5%E5%99%A8/,Unknown,0
品高电器,angel.co,https://angel.co,https://angel.co/u/%E5%93%81%E9%AB%98%E7%94%B5%E5%99%A8,Unknown,0
品高电器,beacons.ai,https://beacons.ai,https://beacons.ai/%E5%93%81%E9%AB%98%E7%94%B5%E5%99%A8,Unknown,0
品高电器,Letterboxd,https://letterboxd.com/,https://letterboxd.com/%E5%93%81%E9%AB%98%E7%94%B5%E5%99%A8,Unknown,0
品高电器,techspot.com,http://www.techspot.com/community/,http://www.techspot.com/community/members/?username=%E5%93%81%E9%AB%98%E7%94%B5%E5%99%A8,Unknown,0
品高电器,osu!,https://osu.ppy.sh/,https://osu.ppy.sh/users/%E5%93%81%E9%AB%98%E7%94%B5%E5%99%A8,Unknown,0
品高电器,Techrepublic,https://www.techrepublic.com,https://www.techrepublic.com/members/profile/%E5%93%81%E9%AB%98%E7%94%B5%E5%99%A8/,Unknown,0
品高电器,forums.bulbagarden.net,http://forums.bulbagarden.net,http://forums.bulbagarden.net/members/?username=%E5%93%81%E9%AB%98%E7%94%B5%E5%99%A8,Unknown,0
品高电器,ImgInn,https://imginn.com,https://imginn.com/%E5%93%81%E9%AB%98%E7%94%B5%E5%99%A8/,Unknown,0
品高电器,Venmo,https://venmo.com/,https://venmo.com/%E5%93%81%E9%AB%98%E7%94%B5%E5%99%A8,Unknown,0
品高电器,Foursquare,https://foursquare.com/,https://foursquare.com/%E5%93%81%E9%AB%98%E7%94%B5%E5%99%A8,Unknown,0
品高电器,SublimeForum,https://forum.sublimetext.com/,https://forum.sublimetext.com/u/%E5%93%81%E9%AB%98%E7%94%B5%E5%99%A8/summary,Unknown,0
品高电器,Picsart,https://picsart.com/,https://picsart.com/u/%E5%93%81%E9%AB%98%E7%94%B5%E5%99%A8,Unknown,0
品高电器,mel.fm,https://mel.fm,https://mel.fm/blog/%E5%93%81%E9%AB%98%E7%94%B5%E5%99%A8,Unknown,403
品高电器,Launchpad,https://launchpad.net/,https://launchpad.net/~%E5%93%81%E9%AB%98%E7%94%B5%E5%99%A8,Available,404
品高电器,forum.blackmagicdesign.com,,,Unknown,0
品高电器,hackernoon.com,,,Unknown,0
品高电器,www.minds.com,https://www.minds.com,https://www.minds.com/%E5%93%81%E9%AB%98%E7%94%B5%E5%99%A8,Unknown,0
品高电器,Muckrack,https://muckrack.com,https://muckrack.com/%E5%93%81%E9%AB%98%E7%94%B5%E5%99%A8,Unknown,0
品高电器,IFTTT,https://www.ifttt.com/,,Illegal,
品高电器,fixya,https://www.fixya.com,https://www.fixya.com/users/%E5%93%81%E9%AB%98%E7%94%B5%E5%99%A8,Unknown,0
品高电器,BuyMeACoffee,https://www.buymeacoffee.com/,https://buymeacoff.ee/%E5%93%81%E9%AB%98%E7%94%B5%E5%99%A8,Unknown,0
品高电器,Jimdo,https://jimdosite.com/,https://%E5%93%81%E9%AB%98%E7%94%B5%E5%99%A8.jimdosite.com,Unknown,0
品高电器,eBaumsWorld,https://www.ebaumsworld.com/,https://www.ebaumsworld.com/user/profile/%E5%93%81%E9%AB%98%E7%94%B5%E5%99%A8,Unknown,0
品高电器,Vgtimes/Games,https://vgtimes.ru,https://vgtimes.ru/games/%E5%93%81%E9%AB%98%E7%94%B5%E5%99%A8/forum/,Available,404
品高电器,Coderwall,https://coderwall.com/,https://coderwall.com/%E5%93%81%E9%AB%98%E7%94%B5%E5%99%A8,Available,404
品高电器,Gog,,,Unknown,0
品高电器,forum.ghost.org,https://forum.ghost.org,https://forum.ghost.org/u/%E5%93%81%E9%AB%98%E7%94%B5%E5%99%A8/summary,Available,404
品高电器,pr0gramm,,,Unknown,0
品高电器,kofi,,,Unknown,0
品高电器,Slashdot,,,Unknown,0
品高电器,authorSTREAM,http://www.authorstream.com/,http://www.authorstream.com/author/%E5%93%81%E9%AB%98%E7%94%B5%E5%99%A8/,Unknown,0
品高电器,hiveos.farm,https://forum.hiveos.farm,https://forum.hiveos.farm/u/%E5%93%81%E9%AB%98%E7%94%B5%E5%99%A8/summary,Unknown,0
品高电器,rapidapi.com,https://rapidapi.com,https://rapidapi.com/blog/author/%E5%93%81%E9%AB%98%E7%94%B5%E5%99%A8/,Unknown,0
品高电器,discuss.hashicorp.com,https://discuss.hashicorp.com,https://discuss.hashicorp.com/u/%E5%93%81%E9%AB%98%E7%94%B5%E5%99%A8/summary,Available,404
品高电器,akniga,https://akniga.org/,https://akniga.org/profile/%E5%93%81%E9%AB%98%E7%94%B5%E5%99%A8,Available,404
品高电器,BabyBlog.ru,https://www.babyblog.ru/,https://www.babyblog.ru/user/%E5%93%81%E9%AB%98%E7%94%B5%E5%99%A8,Available,301
品高电器,Mobypicture,http://www.mobypicture.com,http://www.mobypicture.com/user/%E5%93%81%E9%AB%98%E7%94%B5%E5%99%A8,Unknown,0
品高电器,couchsurfing,https://www.couchsurfing.com/,https://www.couchsurfing.com/people/%E5%93%81%E9%AB%98%E7%94%B5%E5%99%A8,Available,404
品高电器,Soup,https://soup.io,https://www.soup.io/author/%E5%93%81%E9%AB%98%E7%94%B5%E5%99%A8,Available,301
品高电器,NN.RU,https://www.nn.ru/,https://%E5%93%81%E9%AB%98%E7%94%B5%E5%99%A8.www.nn.ru/,Unknown,0
品高电器,ModDB,,,Unknown,0
品高电器,MirTesen,,,Unknown,0
品高电器,Ariva,https://www.ariva.de/,https://www.ariva.de/profil/%E5%93%81%E9%AB%98%E7%94%B5%E5%99%A8,Available,404
品高电器,Sbazar.cz,https://www.sbazar.cz/,https://www.sbazar.cz/%E5%93%81%E9%AB%98%E7%94%B5%E5%99%A8,Available,404
品高电器,AlternativeTo,,,Unknown,0
品高电器,EuroFootball,https://www.euro-football.ru,https://www.euro-football.ru/user/%E5%93%81%E9%AB%98%E7%94%B5%E5%99%A8,Available,302
品高电器,forum.ykt.ru,https://forum.ykt.ru,https://forum.ykt.ru/viewprofile.jsp?forum_id=11&user=%E5%93%81%E9%AB%98%E7%94%B5%E5%99%A8,Available,302
品高电器,Pokemon Showdown,https://pokemonshowdown.com,https://pokemonshowdown.com/users/%E5%93%81%E9%AB%98%E7%94%B5%E5%99%A8,Unknown,0
品高电器,Anime-planet,https://www.anime-planet.com,https://www.anime-planet.com/forum/members/?username=%E5%93%81%E9%AB%98%E7%94%B5%E5%99%A8,Unknown,0
品高电器,codeforces.com,http://codeforces.com,http://codeforces.com/profile/%E5%93%81%E9%AB%98%E7%94%B5%E5%99%A8,Unknown,0
品高电器,dailykos,https://www.dailykos.com,https://www.dailykos.com/user/%E5%93%81%E9%AB%98%E7%94%B5%E5%99%A8,Unknown,0
品高电器,Etxt,https://www.etxt.ru,https://www.etxt.ru/%E5%93%81%E9%AB%98%E7%94%B5%E5%99%A8.html,Available,404
品高电器,Mix,https://mix.com,https://mix.com/%E5%93%81%E9%AB%98%E7%94%B5%E5%99%A8,Unknown,0
品高电器,DonationsAlerts,https://www.donationalerts.com/,https://www.donationalerts.com/r/%E5%93%81%E9%AB%98%E7%94%B5%E5%99%A8,Unknown,403
品高电器,AllKPop,,,Unknown,0
品高电器,ForumHouse,https://www.forumhouse.ru/,https://www.forumhouse.ru/members/?username=%E5%93%81%E9%AB%98%E7%94%B5%E5%99%A8,Available,200
品高电器,forum.inaturalist.org,https://forum.inaturalist.org,https://forum.inaturalist.org/u/%E5%93%81%E9%AB%98%E7%94%B5%E5%99%A8/summary,Available,404
品高电器,sparkpeople,https://www.sparkpeople.com,https://www.sparkpeople.com/mypage.asp?id=%E5%93%81%E9%AB%98%E7%94%B5%E5%99%A8,Unknown,502
品高电器,Americanthinker,https://www.americanthinker.com/,https://www.americanthinker.com/author/%E5%93%81%E9%AB%98%E7%94%B5%E5%99%A8/,Unknown,0
品高电器,uID.me (by username),https://uid.me/,http://uid.me/%E5%93%81%E9%AB%98%E7%94%B5%E5%99%A8,Unknown,500
品高电器,Fark,,,Unknown,0
品高电器,ReverbNation,,,Unknown,0
品高电器,Trakt,,,Unknown,0
品高电器,geocaching,https://www.geocaching.com/,https://www.geocaching.com/profile/?u=%E5%93%81%E9%AB%98%E7%94%B5%E5%99%A8,Available,404
品高电器,Hotcopper,,,Unknown,0
品高电器,igromania,http://forum.igromania.ru/,http://forum.igromania.ru/member.php?username=%E5%93%81%E9%AB%98%E7%94%B5%E5%99%A8,Available,200
品高电器,forum.scssoft.com,https://forum.scssoft.com,https://forum.scssoft.com/search.php?author=%E5%93%81%E9%AB%98%E7%94%B5%E5%99%A8,Available,200
品高电器,forums.majorgeeks.com,https://forums.majorgeeks.com,https://forums.majorgeeks.com/members/?username=%E5%93%81%E9%AB%98%E7%94%B5%E5%99%A8,Unknown,0
品高电器,Pandia,https://pandia.ru,https://pandia.ru/user/profile/%E5%93%81%E9%AB%98%E7%94%B5%E5%99%A8,Unknown,0
品高电器,depop.com,https://www.depop.com,https://www.depop.com/%E5%93%81%E9%AB%98%E7%94%B5%E5%99%A8,Unknown,0
品高电器,Hackerearth,https://www.hackerearth.com,https://www.hackerearth.com/@%E5%93%81%E9%AB%98%E7%94%B5%E5%99%A8,Unknown,0
品高电器,Repl.it,https://repl.it/,https://repl.it/@%E5%93%81%E9%AB%98%E7%94%B5%E5%99%A8,Unknown,0
品高电器,hunting.karelia.ru,http://hunting.karelia.ru,http://hunting.karelia.ru/search.php?author=%E5%93%81%E9%AB%98%E7%94%B5%E5%99%A8,Available,200
品高电器,MoscowFlamp,https://moscow.flamp.ru/,https://moscow.flamp.ru/%E5%93%81%E9%AB%98%E7%94%B5%E5%99%A8,Available,404
品高电器,AdvancedCustomFields,,,Unknown,0
品高电器,Pixwox,https://www.pixwox.com,https://www.pixwox.com/profile/%E5%93%81%E9%AB%98%E7%94%B5%E5%99%A8/,Unknown,0
品高电器,Uchportal,https://www.uchportal.ru,https://www.uchportal.ru/index/8-0-%E5%93%81%E9%AB%98%E7%94%B5%E5%99%A8,Available,200
品高电器,ESET,https://forum.esetnod32.ru,https://forum.esetnod32.ru/user/%E5%93%81%E9%AB%98%E7%94%B5%E5%99%A8/,Available,404
品高电器,Codechef,https://www.codechef.com/,https://www.codechef.com/users/%E5%93%81%E9%AB%98%E7%94%B5%E5%99%A8,Unknown,0
品高电器,TheStudentRoom,,,Unknown,0
品高电器,Empflix,https://www.empflix.com,https://www.empflix.com/profile/%E5%93%81%E9%AB%98%E7%94%B5%E5%99%A8/,Unknown,0
品高电器,MuffinGroup,,,Unknown,0
品高电器,Speakerdeck,https://speakerdeck.com,https://speakerdeck.com/%E5%93%81%E9%AB%98%E7%94%B5%E5%99%A8,Unknown,0
品高电器,Rate Your Music,https://rateyourmusic.com/,https://rateyourmusic.com/~%E5%93%81%E9%AB%98%E7%94%B5%E5%99%A8,Unknown,0
品高电器,PlanetMinecraft,,,Unknown,0
品高电器,Pinkbike,,,Unknown,0
品高电器,Speedrun.com,https://speedrun.com/,https://speedrun.com/users/%E5%93%81%E9%AB%98%E7%94%B5%E5%99%A8,Unknown,0
品高电器,HackerOne,,,Unknown,0
品高电器,Edocr,,,Unknown,0
品高电器,ProductHunt,https://www.producthunt.com/,https://www.producthunt.com/@%E5%93%81%E9%AB%98%E7%94%B5%E5%99%A8,Unknown,0
品高电器,Artsy,https://www.artsy.net,https://www.artsy.net/artist/%E5%93%81%E9%AB%98%E7%94%B5%E5%99%A8,Unknown,0
品高电器,Namepros,https://www.namepros.com/,https://www.namepros.com/members/?username=%E5%93%81%E9%AB%98%E7%94%B5%E5%99%A8,Unknown,0
品高电器,Psychologies.ru,http://www.psychologies.ru,http://www.psychologies.ru/personal/%E5%93%81%E9%AB%98%E7%94%B5%E5%99%A8,Available,404
品高电器,MoneySavingExpert,,,Unknown,0
品高电器,Slides,https://slides.com/,https://slides.com/%E5%93%81%E9%AB%98%E7%94%B5%E5%99%A8,Unknown,0
品高电器,Krstarica,https://forum.krstarica.com,https://forum.krstarica.com/members/?username=%E5%93%81%E9%AB%98%E7%94%B5%E5%99%A8,Unknown,0
品高电器,NameMC,,,Unknown,0
品高电器,AnimeNewsNetwork,,,Unknown,0
品高电器,easyen,,,Unknown,0
品高电器,TVTropes,,,Unknown,0
品高电器,discussion.squadhelp.com,https://discussion.squadhelp.com,https://discussion.squadhelp.com/u/%E5%93%81%E9%AB%98%E7%94%B5%E5%99%A8/summary,Unknown,0
品高电器,TheSimsResource,,,Unknown,0
品高电器,N4g,,,Unknown,0
品高电器,Brusheezy,https://www.brusheezy.com,https://www.brusheezy.com/members/%E5%93%81%E9%AB%98%E7%94%B5%E5%99%A8,Unknown,0
品高电器,Teletype,https://teletype.in,https://teletype.in/@%E5%93%81%E9%AB%98%E7%94%B5%E5%99%A8,Unknown,0
品高电器,Pbase,https://pbase.com/,https://pbase.com/%E5%93%81%E9%AB%98%E7%94%B5%E5%99%A8/profile,Unknown,0
品高电器,spletnik,,,Unknown,0
品高电器,Iphones.ru,,,Unknown,0
品高电器,SevenForums,https://www.sevenforums.com,https://www.sevenforums.com/member.php?username=%E5%93%81%E9%AB%98%E7%94%B5%E5%99%A8,Unknown,403
品高电器,Oper,,,Unknown,0
品高电器,dlive.tv,https://dlive.tv,https://dlive.tv/%E5%93%81%E9%AB%98%E7%94%B5%E5%99%A8,Unknown,0
品高电器,Dumpor,https://dumpor.com,https://dumpor.com/v/%E5%93%81%E9%AB%98%E7%94%B5%E5%99%A8,Unknown,0
品高电器,Niftygateway,https://api.niftygateway.com,https://niftygateway.com/profile/%E5%93%81%E9%AB%98%E7%94%B5%E5%99%A8,Unknown,0
品高电器,nightbot,,,Unknown,0
品高电器,forums.destructoid.com,,,Unknown,0
品高电器,lnk.bio,,,Unknown,0
品高电器,Giantbomb,,,Unknown,0
品高电器,Myinstants,https://www.myinstants.com,https://www.myinstants.com/profile/%E5%93%81%E9%AB%98%E7%94%B5%E5%99%A8/,Unknown,0
品高电器,Hackster,https://www.hackster.io,https://www.hackster.io/%E5%93%81%E9%AB%98%E7%94%B5%E5%99%A8,Unknown,0
品高电器,allmylinks,,,Unknown,0
品高电器,Forumophilia,https://www.forumophilia.com,https://www.forumophilia.com/profile.php?mode=viewprofile&u=%E5%93%81%E9%AB%98%E7%94%B5%E5%99%A8,Unknown,0
品高电器,forum.shotcut.org,https://forum.shotcut.org,https://forum.shotcut.org/u/%E5%93%81%E9%AB%98%E7%94%B5%E5%99%A8/summary,Unknown,0
品高电器,designspiration.com,https://designspiration.com,https://designspiration.com/%E5%93%81%E9%AB%98%E7%94%B5%E5%99%A8/,Unknown,0
品高电器,Influenster,https://www.influenster.com/,https://www.influenster.com/%E5%93%81%E9%AB%98%E7%94%B5%E5%99%A8,Unknown,0
品高电器,forums.indiegala.com,,,Unknown,0
品高电器,Picarto,,,Unknown,0
品高电器,Neoseeker,,,Unknown,0
品高电器,Armorgames,,,Unknown,0
品高电器,giters.com,,,Unknown,0
品高电器,teamtreehouse.com,,,Unknown,0
品高电器,TRASHBOX.RU,https://trashbox.ru/,,Illegal,
品高电器,TheOdysseyOnline,https://www.theodysseyonline.com,https://www.theodysseyonline.com/user/@%E5%93%81%E9%AB%98%E7%94%B5%E5%99%A8,Unknown,0
品高电器,DigitalPoint,,,Unknown,0
品高电器,forums.digitalpoint.com,,,Unknown,0
品高电器,Voices,,,Unknown,0
品高电器,community.sweatco.in,,,Unknown,0
品高电器,MyMiniFactory,,,Unknown,0
品高电器,forum.nameberry.com,,,Unknown,0
品高电器,Fodors,,,Unknown,0
品高电器,Fanpop,,,Unknown,0
品高电器,donorbox,,,Unknown,0
品高电器,TrueAchievements,,,Unknown,0
品高电器,Codewars,https://www.codewars.com,https://www.codewars.com/users/%E5%93%81%E9%AB%98%E7%94%B5%E5%99%A8,Unknown,0
品高电器,Physicsforums,https://www.physicsforums.com,https://www.physicsforums.com/members/?username=%E5%93%81%E9%AB%98%E7%94%B5%E5%99%A8,Unknown,0
品高电器,Kinja,https://kinja.com,https://kinja.com/%E5%93%81%E9%AB%98%E7%94%B5%E5%99%A8,Unknown,0
品高电器,PushSquare,,,Unknown,0
品高电器,GuruShots,,,Unknown,0
品高电器,xenforo.com,,,Unknown,0
品高电器,GameRevolution,,,Unknown,0
品高电器,Cent,,,Unknown,0
品高电器,TryHackMe,https://tryhackme.com/,https://tryhackme.com/p/%E5%93%81%E9%AB%98%E7%94%B5%E5%99%A8,Unknown,0
品高电器,E621,https://e621.net,https://e621.net/users/%E5%93%81%E9%AB%98%E7%94%B5%E5%99%A8,Unknown,0
品高电器,GBAtemp.net,https://gbatemp.net/,https://gbatemp.net/members/?username=%E5%93%81%E9%AB%98%E7%94%B5%E5%99%A8,Unknown,0
品高电器,Untappd,,,Unknown,0
品高电器,23hq,,,Unknown,0
